R Linspace:,10,1500,150
Theta Linspace:,0.0174533,1.5708,90
Map (r vs. theta):
0,0,0,0,0,0,0,0,0,0,0,0,0,0,0,0,0,0,0,0,0,0,0,0,0,0,0,0,0,0,0,0,0,0,0,0,0,0,0,0,0,0,0,0,0,0,0,0,0,0,0,0,0,0,0,0,0,0,0,0,0,0,0,0,0,0,0,0,0,0,0,0,0,0,0,0,0,0,0,0,0,0,0,0,0,0,0,0,0,0,
0,0,0,0,0,0,0,0,0,0,0,0,0,0,0,0,0,0,0,0,0,0,0,0,0,0,0,0,0,0,0,0,0,0,0,0,0,0,0,0,0,0,0,0,0,0,0,0,0,0,0,0,0,0,0,0,0,0,0,0,0,0,0,0,0,0,0,0,0,0,0,0,0,0,0,0,0,0,0,0,0,0,0,0,0,0,0,0,0,0,
4,2,2,2,12,8,14,10,12,6,6,10,14,8,8,8,6,14,6,10,12,14,12,12,16,10,8,16,8,22,10,14,8,4,12,10,10,2,10,4,10,12,8,8,12,0,6,0,10,2,8,10,10,6,8,4,8,4,8,6,12,16,10,6,8,8,8,6,2,18,2,8,8,10,6,12,14,0,8,16,10,8,14,10,6,12,12,8,8,12,
2,0,2,4,4,6,4,8,14,8,10,8,8,16,12,14,10,12,12,16,16,22,30,22,6,14,16,24,18,14,16,28,20,16,10,22,18,18,20,16,24,14,16,18,24,20,20,8,16,28,14,20,4,18,12,12,18,16,12,22,16,18,14,32,18,10,14,18,18,10,18,16,14,26,12,14,10,20,20,20,12,12,30,12,10,22,18,14,14,14,
2,0,8,4,6,10,4,4,18,10,24,14,16,12,14,12,14,22,20,18,12,22,20,24,18,24,18,32,24,10,48,18,28,18,26,20,14,26,40,40,24,24,46,18,40,16,18,18,26,30,22,52,42,28,24,14,30,26,26,30,16,26,24,40,22,22,34,18,22,22,24,36,16,30,24,26,24,26,20,26,24,24,26,16,16,34,32,28,26,22,
4,2,4,8,14,14,6,22,22,28,16,20,28,42,34,20,28,38,32,50,40,42,34,42,50,42,62,32,46,54,34,54,54,60,52,40,40,30,38,44,30,58,36,44,32,32,32,32,38,30,46,18,36,28,38,32,40,20,44,52,34,28,36,32,54,40,42,48,36,38,34,28,32,36,44,46,50,30,18,34,40,38,26,20,22,38,36,36,42,30,
0,2,2,14,16,16,12,24,30,28,20,16,20,24,36,38,52,42,36,34,40,44,34,48,40,60,48,44,44,48,56,56,54,38,36,40,54,36,50,38,60,40,52,50,60,46,46,42,52,38,40,56,56,46,70,50,60,52,50,58,48,34,46,62,38,54,30,48,36,34,36,34,46,48,54,46,48,44,40,54,54,52,58,58,60,32,42,38,42,42,
4,6,12,8,16,28,22,22,22,32,52,38,46,38,36,68,50,52,48,56,32,52,70,48,34,62,48,66,48,72,76,68,78,78,64,56,54,50,52,64,68,46,64,50,60,72,62,50,62,78,84,56,38,54,48,50,76,52,76,54,50,66,74,76,54,80,48,74,54,60,58,64,82,78,80,70,50,80,54,60,56,60,60,46,62,52,46,44,52,76,
0,4,18,20,8,18,18,18,30,26,38,22,60,36,62,62,60,50,48,46,64,40,72,82,54,80,56,62,58,88,56,112,80,74,68,92,90,98,68,80,70,84,72,58,88,84,70,82,84,88,94,70,68,62,60,76,64,76,62,80,62,106,50,62,92,84,78,84,94,48,68,64,76,64,64,62,84,86,64,82,66,78,66,88,92,86,98,66,68,64,
2,14,14,30,42,22,40,40,34,50,44,52,76,66,88,74,88,94,84,82,92,76,98,114,64,100,118,106,98,124,112,102,84,108,96,100,86,98,76,92,82,68,78,80,68,96,82,104,96,82,100,90,94,66,88,100,86,90,74,84,78,80,90,84,90,98,66,72,62,70,92,74,66,74,68,74,86,80,88,100,74,82,62,68,72,92,72,54,84,64,
8,12,6,28,20,22,36,42,30,24,28,36,34,70,54,62,48,52,76,60,66,70,78,88,96,80,72,84,58,106,80,80,100,92,56,102,102,84,110,92,106,92,100,120,86,92,50,114,84,92,90,68,84,86,64,120,82,74,106,94,80,80,114,86,92,88,80,100,92,92,76,74,74,72,108,76,64,84,70,60,100,88,86,70,56,82,78,68,58,84,
0,18,20,6,8,22,52,44,50,42,40,54,40,54,66,66,70,82,74,86,66,96,82,96,96,80,76,86,76,86,106,120,102,82,98,124,98,94,78,106,88,116,96,90,86,108,92,106,116,96,100,102,96,100,82,110,88,92,92,84,94,104,92,90,104,96,114,68,98,100,88,92,70,86,92,82,88,94,56,94,100,62,78,102,110,98,98,86,92,102,
4,18,14,16,30,42,22,46,28,46,52,56,46,58,72,86,52,76,72,90,62,70,94,72,86,92,106,72,112,86,106,96,68,112,140,96,92,78,116,114,108,134,132,98,104,92,106,92,104,96,106,94,88,94,92,116,92,92,98,88,68,104,106,108,106,104,110,118,94,130,90,88,102,76,126,80,104,104,116,112,92,116,94,88,100,112,96,86,98,114,
4,4,4,28,32,22,52,38,32,56,44,58,52,64,72,74,92,92,98,98,78,92,104,104,90,112,90,94,62,94,116,94,94,92,128,90,118,88,112,124,98,104,106,98,122,108,100,126,110,100,138,122,100,86,118,116,88,112,110,108,106,108,94,108,104,100,114,84,106,102,102,112,102,70,124,118,88,92,90,100,100,106,118,98,132,104,124,110,98,134,
12,14,16,14,28,32,44,52,48,52,64,78,66,84,66,94,80,74,90,92,110,118,126,106,100,78,126,142,116,114,88,106,88,122,94,100,128,86,130,100,104,130,122,122,110,114,116,136,108,120,112,126,132,110,112,126,118,94,86,118,116,134,134,102,124,114,108,126,122,122,144,122,98,108,104,106,110,100,76,96,94,118,128,106,110,110,118,92,76,96,
4,10,14,22,36,26,26,30,52,58,46,82,68,62,72,66,92,86,88,86,112,96,120,124,108,102,110,136,96,110,118,116,106,104,146,122,108,116,118,110,148,142,126,120,112,116,128,138,148,108,136,128,124,134,138,132,112,140,120,104,122,110,130,114,140,112,94,116,122,134,122,128,126,126,114,100,126,100,144,118,96,144,124,114,136,104,118,106,150,140,
0,10,12,18,38,30,46,54,48,58,56,86,70,72,82,84,106,98,98,100,106,112,116,92,120,118,126,144,134,102,128,126,122,174,152,160,114,144,130,154,156,120,152,144,126,130,110,114,136,138,150,122,120,152,140,116,112,130,110,122,118,146,144,148,136,130,146,110,126,144,118,188,146,116,102,118,138,104,152,138,116,104,106,126,112,140,144,102,110,138,
2,2,30,22,40,44,54,38,52,66,56,80,76,98,90,108,94,92,104,104,106,120,112,140,120,130,118,112,120,170,132,176,142,174,162,164,120,126,106,152,138,172,136,148,126,130,166,124,154,138,138,144,144,168,110,130,174,130,134,132,146,144,102,156,154,138,154,150,134,130,122,150,130,142,114,108,122,132,110,102,164,184,120,110,128,106,146,110,110,116,
10,14,10,24,52,42,68,50,70,58,82,78,74,94,124,74,110,120,126,98,116,128,112,110,104,150,170,120,122,126,136,172,136,168,134,134,150,148,156,138,146,138,124,152,160,156,158,142,158,154,162,146,128,170,150,118,162,104,112,132,110,142,142,156,142,132,172,170,134,130,148,140,112,132,116,132,156,138,146,124,152,124,144,160,148,138,136,152,128,134,
12,6,26,18,48,38,48,66,66,72,72,84,76,88,112,96,106,106,146,126,128,116,126,136,112,110,158,144,150,156,142,130,136,130,158,150,164,166,174,154,150,126,164,150,118,146,146,150,164,128,156,170,168,138,138,118,142,140,146,148,160,116,102,166,152,140,166,128,150,162,160,124,140,152,154,128,142,138,142,146,130,128,146,132,134,134,130,130,192,116,
2,6,14,30,34,34,40,56,60,82,70,66,120,90,82,76,126,120,130,124,106,142,122,140,154,142,116,146,112,136,138,160,132,148,144,148,136,162,146,162,132,158,130,164,130,132,182,142,138,168,150,162,164,168,194,160,132,156,150,166,140,142,138,172,150,136,134,140,142,146,136,140,148,150,162,150,144,162,144,136,158,124,142,124,150,126,194,142,172,150,
4,10,22,24,28,48,60,54,70,78,60,78,82,90,118,106,118,118,128,138,140,116,156,138,138,162,156,144,160,146,146,152,164,150,144,134,118,142,192,162,180,162,148,164,170,162,140,166,190,118,156,130,138,190,150,182,176,164,164,156,168,172,176,152,162,152,146,124,156,184,164,152,122,152,140,158,152,144,132,158,144,174,142,136,146,136,138,148,166,178,
0,12,20,24,40,54,56,78,84,68,96,82,102,104,114,114,128,106,106,130,128,174,156,120,136,176,134,176,126,168,132,172,172,144,136,204,156,188,164,154,180,142,164,138,192,158,170,194,192,168,136,190,158,174,154,180,142,172,162,196,152,162,142,146,156,118,182,168,152,162,156,148,142,118,170,142,188,134,156,166,132,150,168,170,136,152,124,158,156,152,
2,18,30,28,40,52,32,68,74,74,82,88,102,134,144,116,120,106,170,142,124,148,128,160,120,182,158,180,156,162,158,180,190,148,142,144,188,162,148,176,156,188,186,178,180,154,190,144,190,136,160,152,168,174,164,174,164,158,162,150,156,150,156,156,154,188,172,174,184,138,162,188,146,148,160,160,194,164,160,168,118,202,162,146,146,134,152,126,134,152,
10,12,36,34,32,62,60,52,80,82,68,74,98,128,156,136,120,152,126,160,162,140,124,178,130,172,126,186,156,122,142,178,160,172,174,194,186,166,158,168,158,166,138,156,152,174,166,184,182,146,138,150,172,162,184,192,166,188,172,170,186,136,150,198,186,152,190,164,152,158,166,156,174,148,174,184,170,160,148,140,162,206,172,160,176,154,154,148,146,140,
6,20,38,38,46,52,46,74,74,70,80,100,80,106,118,158,144,102,126,112,158,140,164,170,118,124,156,158,180,178,190,186,168,172,166,178,160,196,182,186,192,156,182,176,178,168,170,186,168,162,186,178,174,190,186,218,148,188,166,176,196,176,188,194,164,198,198,190,198,196,156,160,176,132,138,178,188,158,166,166,192,146,180,158,184,140,194,158,160,154,
4,22,24,24,24,36,50,70,92,58,90,108,106,120,140,140,154,132,132,170,148,146,184,170,216,144,164,194,188,164,176,186,190,218,190,166,180,208,154,190,186,206,200,168,196,206,194,156,160,178,170,202,182,128,152,170,186,162,178,172,176,170,160,140,176,196,200,188,176,182,172,146,166,170,172,174,202,174,192,154,172,176,170,174,128,190,180,178,158,188,
2,18,32,36,44,52,56,58,56,78,102,114,112,102,124,146,148,122,154,158,154,182,160,172,148,144,158,168,172,176,150,214,150,186,224,190,184,176,218,176,188,176,204,198,176,188,214,186,208,194,162,192,164,154,188,194,182,188,184,188,190,162,180,152,182,202,156,172,180,194,186,186,142,156,158,158,140,212,172,160,184,188,190,186,138,146,144,162,162,178,
6,10,34,34,30,46,72,64,80,86,88,106,116,128,136,142,156,126,136,142,160,166,170,156,158,162,174,148,160,166,186,152,150,214,174,206,200,168,176,146,176,186,198,222,212,186,198,182,196,196,178,188,196,214,150,188,192,190,188,180,192,162,204,166,186,206,180,174,176,184,170,186,170,188,154,186,166,166,178,148,134,200,166,164,182,190,180,224,182,160,
4,14,24,30,50,52,42,70,82,72,96,90,108,132,126,118,126,136,140,164,182,152,166,160,166,162,160,162,186,190,180,192,230,206,166,166,170,190,168,202,208,198,208,194,160,192,192,218,180,214,216,162,216,192,168,178,212,204,214,160,196,176,206,208,188,184,188,214,136,164,190,154,186,190,166,178,148,152,198,170,178,166,148,178,172,206,170,160,182,174,
8,20,38,32,52,52,62,56,72,56,82,94,94,136,114,114,138,148,130,112,154,120,130,182,160,186,194,172,192,172,132,178,184,186,196,190,196,204,180,180,200,198,176,204,210,196,160,166,184,184,192,182,214,208,234,188,214,188,184,202,174,212,194,170,184,176,182,202,216,182,196,162,170,240,216,172,152,194,186,184,220,180,172,150,158,192,222,180,144,206,
2,8,24,38,52,54,40,80,58,90,84,84,106,100,118,152,134,152,146,136,138,162,164,172,162,136,136,200,216,158,206,186,194,184,208,186,218,212,178,198,186,178,192,190,194,212,220,232,164,198,214,202,190,214,212,174,226,198,208,202,198,218,178,172,180,182,204,194,216,156,178,208,184,182,206,190,186,144,190,174,190,178,176,174,172,204,194,172,220,200,
2,18,28,32,34,56,62,86,74,92,96,114,116,116,112,136,114,144,160,188,156,164,140,170,182,204,202,188,202,222,180,208,208,230,216,218,220,212,186,210,222,210,206,204,222,228,218,174,174,182,188,174,188,224,172,214,212,196,162,170,212,230,214,188,176,210,202,192,184,226,182,182,208,164,216,172,192,202,192,168,154,196,166,158,184,182,184,192,212,212,
4,14,30,42,54,32,60,86,74,78,76,98,122,144,120,126,142,126,164,168,160,154,172,152,136,172,202,188,230,206,228,222,186,208,192,202,188,224,164,202,222,150,210,196,216,196,200,176,218,188,198,190,174,224,246,224,190,170,178,182,236,162,228,174,184,202,180,182,198,174,164,168,148,202,208,184,202,176,238,190,194,204,182,206,178,152,168,206,194,180,
2,16,24,22,38,70,44,74,80,96,92,104,108,116,116,148,138,168,136,154,140,134,200,182,192,190,224,172,184,182,200,152,202,222,204,186,184,180,204,176,208,180,222,188,194,238,202,208,172,192,190,186,218,232,214,196,184,216,240,198,220,214,196,234,208,200,224,198,198,170,184,214,186,190,192,202,188,178,192,172,164,158,202,174,172,208,186,182,204,192,
12,14,26,40,32,52,58,88,78,84,82,98,124,114,136,134,126,174,146,122,156,172,166,118,174,170,242,160,186,226,200,202,224,202,218,212,206,208,202,190,174,172,172,218,166,208,190,202,186,210,198,178,182,216,192,208,236,228,192,228,224,204,170,184,176,196,200,182,212,190,198,210,186,188,212,214,192,192,172,196,192,176,188,192,168,202,166,216,220,198,
4,14,36,48,52,48,84,60,74,80,104,106,100,140,120,118,130,168,146,174,156,198,154,164,184,208,202,192,190,198,220,190,190,178,212,156,196,180,192,212,216,184,192,224,240,216,168,208,178,200,192,184,188,212,150,240,222,202,194,240,194,218,232,188,182,200,194,198,188,230,220,210,200,220,214,168,204,188,274,206,200,192,174,232,194,176,154,188,200,172,
6,20,18,28,44,52,66,98,92,100,90,94,102,138,122,144,156,124,158,150,168,166,150,164,206,158,214,182,202,200,202,186,224,180,200,198,174,198,188,198,220,216,198,210,250,182,188,190,242,240,242,210,194,200,166,214,184,244,178,222,222,218,174,218,190,214,182,214,186,194,192,152,216,180,180,186,176,174,196,202,174,188,252,196,186,218,190,206,234,200,
4,14,28,40,56,34,78,76,96,92,82,96,92,120,150,116,134,126,146,154,130,156,174,186,206,166,190,186,206,192,218,170,186,164,194,226,216,214,188,214,204,202,230,216,214,168,184,188,220,220,164,232,206,210,214,210,180,206,194,194,222,194,154,188,214,188,224,238,234,210,216,180,214,210,202,168,208,200,180,202,188,190,194,216,202,180,174,178,192,196,
4,14,24,24,46,38,66,48,70,110,106,112,112,124,120,128,138,156,148,146,198,148,174,196,168,150,184,210,222,148,206,200,170,242,162,198,194,204,206,216,188,176,198,208,220,186,220,220,250,276,204,242,210,208,228,178,224,198,194,200,202,198,202,202,226,186,188,196,190,190,198,194,164,170,212,210,232,202,168,166,196,180,224,208,204,216,204,204,180,220,
12,22,34,40,58,58,54,86,102,80,98,94,122,116,124,144,142,156,160,148,172,150,186,186,184,166,190,174,176,214,208,198,232,210,184,198,178,194,198,222,212,218,202,196,216,250,216,224,204,188,224,266,152,164,214,264,186,204,220,226,196,198,188,212,224,236,186,192,206,190,206,186,210,200,164,166,186,224,208,166,164,176,230,140,190,198,208,180,196,212,
8,22,28,28,48,46,74,80,92,80,96,110,112,100,104,146,154,146,148,138,172,176,152,182,156,182,206,154,188,206,182,180,196,218,222,222,244,200,202,200,242,200,218,194,202,196,202,216,210,226,198,202,176,186,188,236,222,164,176,198,192,172,204,194,194,234,222,204,164,200,216,198,168,186,206,196,180,196,176,172,194,232,200,184,182,210,198,182,198,204,
8,16,38,36,44,38,82,72,106,96,100,90,146,152,162,152,140,160,158,168,156,188,168,178,230,178,192,178,208,180,162,182,212,200,220,230,208,202,244,182,162,192,174,222,240,198,198,204,226,208,194,224,162,172,250,252,216,198,228,188,234,240,248,178,186,222,230,186,250,196,210,198,168,166,220,230,182,198,222,196,192,158,222,212,200,208,190,218,222,186,
8,22,26,30,44,62,88,60,90,112,86,110,100,130,126,144,146,134,174,164,176,224,176,168,164,210,184,190,208,192,194,188,182,164,188,168,176,202,220,206,226,218,242,204,226,226,178,206,226,224,216,184,178,184,234,238,220,212,206,212,184,206,170,220,222,196,220,188,208,222,176,210,236,186,172,178,198,188,192,220,190,208,204,166,202,198,188,164,172,186,
8,10,24,62,34,60,52,66,70,86,96,102,114,118,126,140,194,150,152,188,150,176,166,190,206,158,156,194,180,204,240,248,204,220,202,190,188,190,238,186,186,238,218,202,198,242,258,218,174,218,162,262,236,230,200,208,244,224,174,222,198,184,164,210,214,190,204,230,194,192,214,158,174,198,210,224,204,180,198,184,174,184,196,192,190,198,174,218,202,184,
10,10,14,32,46,64,86,80,56,72,88,104,92,106,120,140,154,170,148,152,166,184,154,156,184,148,196,178,182,180,218,214,208,216,216,164,172,180,194,186,222,268,204,170,206,186,230,218,174,206,186,184,222,188,198,212,216,198,170,186,194,192,204,194,176,200,234,192,224,220,220,216,160,198,220,214,210,196,208,208,184,210,170,222,208,220,204,200,186,212,
10,12,28,46,50,68,60,94,86,100,114,94,124,114,116,138,132,154,136,172,186,160,172,208,158,200,190,192,188,186,166,184,190,242,178,208,240,202,202,222,174,178,242,168,168,188,186,198,214,190,222,270,176,162,180,176,204,210,202,224,212,218,220,202,216,228,176,186,206,172,204,208,182,200,182,180,238,214,184,210,194,170,252,174,180,208,192,232,192,198,
14,18,36,32,44,56,66,82,88,112,112,98,98,110,124,122,156,148,150,166,156,152,172,164,160,208,170,166,216,168,196,174,208,202,214,210,216,188,214,212,186,188,200,234,222,164,224,212,202,218,198,196,228,194,222,240,214,208,226,212,220,178,194,198,194,184,206,168,214,222,184,216,188,174,244,218,216,178,186,178,212,154,210,190,198,174,182,198,190,200,
16,10,32,40,44,60,54,70,76,84,90,88,98,120,118,170,140,148,132,136,142,148,196,154,146,190,196,194,226,206,152,194,214,162,226,160,190,230,228,192,198,218,220,198,192,164,226,196,274,212,214,220,210,168,198,196,194,224,206,178,166,148,214,174,198,196,226,176,230,194,182,194,198,174,202,170,228,190,200,174,176,196,212,174,218,174,184,184,214,178,
6,8,30,46,34,52,54,56,70,78,84,94,114,120,136,136,170,148,172,136,172,176,238,182,186,174,180,162,196,198,220,212,212,176,208,182,158,230,222,228,166,220,204,214,216,190,200,228,200,180,204,196,194,186,186,204,224,194,214,190,232,196,188,210,220,174,210,226,200,196,206,200,162,190,196,174,178,184,204,186,198,204,180,184,238,202,250,182,166,190,
4,14,18,36,46,56,60,60,90,84,92,84,102,146,132,96,148,190,168,126,162,154,138,166,196,172,192,206,166,178,186,224,216,184,198,176,252,194,206,172,204,174,210,194,198,202,208,172,188,220,216,218,180,224,212,224,238,188,232,198,232,228,204,204,216,172,200,188,174,186,176,188,180,170,184,200,184,184,184,178,178,172,186,190,180,174,200,176,180,188,
14,16,12,46,42,40,66,58,70,96,94,104,102,114,126,134,154,110,136,208,172,172,204,176,158,182,148,182,192,206,178,224,174,200,178,184,222,238,206,164,168,172,200,214,158,224,186,194,166,210,220,164,224,176,178,178,196,206,150,236,170,200,204,184,206,186,176,258,218,190,200,200,178,148,178,178,206,180,222,188,200,182,190,182,200,192,178,198,182,222,
8,14,48,34,50,56,68,68,64,86,86,88,106,92,116,126,120,146,158,172,184,122,184,200,188,170,166,162,188,172,210,200,204,192,196,198,224,194,176,178,184,212,190,194,182,176,178,208,212,190,220,180,218,166,210,192,182,218,190,208,192,170,214,196,210,180,164,198,196,178,196,178,230,210,178,238,180,200,212,206,174,202,200,206,168,180,204,170,160,216,
6,18,28,38,32,42,56,62,94,76,86,128,96,140,150,148,114,158,126,140,148,146,166,170,178,172,162,176,192,188,170,196,182,178,186,208,214,226,176,182,196,248,168,198,196,214,196,208,214,216,168,190,198,184,208,184,204,218,204,172,182,156,186,172,170,224,188,198,188,186,182,200,212,170,182,182,174,182,166,182,198,172,188,152,182,174,196,192,176,212,
6,22,20,26,42,62,52,72,98,64,110,106,116,108,158,142,110,114,138,136,156,172,158,168,204,168,184,186,192,176,184,170,180,192,196,206,190,202,182,170,182,208,158,204,204,166,208,190,208,166,236,160,202,182,212,208,168,208,206,182,162,196,202,182,156,162,182,168,194,230,202,198,192,192,168,188,180,188,204,178,172,150,164,182,186,178,158,182,178,160,
2,14,28,38,40,48,54,42,96,96,82,90,102,106,128,118,144,124,166,144,144,160,172,172,180,172,144,154,172,196,160,200,198,170,190,196,192,176,166,236,212,176,194,216,200,196,204,190,180,188,168,182,216,204,188,164,168,142,188,188,160,210,180,238,204,174,194,200,220,192,176,174,180,184,182,200,180,188,170,182,162,216,194,166,178,182,198,194,186,194,
12,18,24,28,48,74,60,58,72,74,76,108,126,96,112,128,116,134,118,162,140,162,142,188,166,178,180,142,174,158,206,186,176,168,184,184,170,150,210,232,196,190,162,224,214,184,196,186,250,176,142,186,168,190,236,204,204,204,196,220,178,198,170,186,178,208,152,194,198,190,158,196,216,220,172,182,200,194,168,178,180,192,190,202,190,192,172,162,190,170,
6,16,18,32,46,36,54,36,54,76,94,116,70,126,122,118,148,106,130,116,146,162,138,166,154,156,194,172,192,156,154,152,176,204,174,176,176,230,182,182,176,186,170,164,168,190,184,202,174,178,176,180,190,162,232,174,142,180,180,186,198,194,152,180,164,204,166,170,222,152,242,168,196,174,192,160,150,168,192,138,196,176,168,166,210,190,158,182,184,162,
10,14,26,22,32,60,60,78,80,98,86,80,100,106,118,134,126,104,118,146,150,160,164,148,158,154,154,178,172,154,186,186,144,172,140,184,188,192,168,180,194,184,176,180,202,172,174,172,166,182,182,216,170,206,184,192,190,172,176,186,146,166,212,170,170,156,160,174,144,202,164,168,196,172,166,182,148,182,180,194,180,152,180,188,188,168,158,174,172,144,
8,30,26,28,24,44,44,60,56,74,82,110,102,100,112,104,128,118,146,154,150,154,152,184,154,154,150,168,142,166,136,166,154,188,190,206,170,174,206,172,184,196,212,180,202,192,182,186,198,186,174,168,170,152,138,138,176,126,214,162,206,204,160,192,184,176,174,160,162,128,196,182,174,166,194,134,166,164,174,174,160,176,200,186,188,160,166,188,194,162,
4,8,18,28,44,46,46,54,74,80,62,88,86,98,102,112,140,128,94,142,136,146,116,174,144,172,160,168,168,168,178,174,186,170,174,182,168,186,188,186,166,190,146,186,176,180,192,186,154,148,164,154,186,198,152,146,144,168,194,154,172,130,144,158,190,154,162,156,196,190,180,162,174,178,206,172,176,238,150,188,170,198,172,160,154,186,186,150,170,162,
6,16,24,36,52,58,56,70,66,88,86,108,114,100,138,144,132,138,158,102,138,172,150,144,120,166,172,164,178,158,194,152,196,150,156,188,192,194,172,158,164,174,172,170,150,154,158,188,154,176,158,152,154,166,154,186,180,166,146,166,150,164,186,158,162,170,184,180,156,178,190,180,168,160,180,176,182,148,168,172,192,210,166,148,156,146,186,176,162,166,
4,8,36,30,30,50,70,36,58,82,66,70,82,118,98,108,124,146,132,116,138,134,128,122,150,146,178,152,142,148,202,178,166,168,160,168,176,176,160,176,190,162,190,168,162,174,136,190,158,174,200,138,162,192,152,148,142,138,168,176,142,140,166,188,162,152,148,172,176,172,214,170,168,182,220,130,174,198,126,146,176,170,144,166,190,172,152,160,180,156,
0,16,14,26,36,36,44,54,74,84,64,74,80,104,114,118,126,126,120,134,126,138,138,140,152,180,154,116,158,160,162,172,180,194,168,148,182,150,154,166,168,158,190,136,162,128,202,172,160,172,210,178,164,166,176,184,150,154,178,148,182,156,232,158,148,182,162,190,140,162,178,166,168,164,150,148,168,184,166,188,180,142,148,166,160,170,154,158,178,170,
0,16,20,42,44,36,40,50,66,68,84,88,64,88,98,96,112,108,140,92,116,126,126,126,138,148,146,134,182,160,154,154,148,168,176,160,136,152,156,154,152,126,142,182,156,156,162,156,182,170,156,180,136,138,148,144,188,200,162,142,190,174,164,146,144,178,152,162,140,176,172,146,186,158,158,170,152,154,160,114,120,192,170,162,134,148,150,164,170,164,
4,16,34,32,40,50,64,90,86,74,86,64,100,82,100,116,118,108,110,126,128,130,118,114,110,132,140,128,160,132,128,150,160,162,132,174,156,144,170,154,146,148,182,162,166,146,140,184,154,162,180,144,148,156,142,150,118,144,154,152,186,134,186,142,144,144,156,172,140,188,168,170,172,148,100,154,150,168,136,152,152,166,134,146,128,148,150,154,162,172,
8,24,20,34,34,34,50,56,58,54,82,68,84,96,96,104,102,86,116,108,126,154,112,136,134,120,178,154,150,136,136,154,152,118,162,182,134,160,154,160,186,172,150,126,118,148,150,160,166,146,130,166,158,154,140,138,160,190,184,144,148,128,202,130,166,148,156,174,132,174,152,144,136,148,188,148,142,142,144,162,142,172,190,172,204,164,138,140,166,144,
4,22,30,14,42,40,46,40,32,62,78,88,68,74,86,84,110,88,102,144,124,124,118,132,124,94,146,158,138,128,126,132,124,152,154,150,122,108,154,136,142,140,170,116,162,166,158,148,140,124,130,136,148,152,168,162,164,136,150,162,168,172,134,136,132,154,132,130,146,172,154,162,146,162,140,148,136,114,132,162,114,132,164,162,176,150,154,120,114,162,
4,12,14,18,42,28,36,40,58,56,78,82,74,80,82,100,98,120,112,120,106,96,116,96,114,116,116,130,122,152,158,148,168,124,136,132,136,174,132,116,124,132,174,132,164,178,182,140,150,126,126,136,122,156,188,148,168,152,170,118,136,160,154,164,132,160,110,150,146,158,170,156,174,140,142,154,130,120,150,174,162,124,120,148,124,158,134,122,120,158,
4,20,26,16,32,40,38,68,62,54,62,72,52,76,90,112,94,96,94,90,134,102,122,112,130,140,128,112,102,106,154,128,122,142,120,146,160,108,160,146,128,128,118,124,120,148,158,138,152,150,126,146,140,114,158,134,174,144,168,134,146,122,160,138,148,140,158,134,176,166,136,180,136,156,130,122,116,170,152,146,138,154,126,150,166,130,150,140,140,148,
0,10,20,22,32,40,32,36,30,48,56,70,60,84,82,90,114,104,78,108,106,118,112,92,112,126,106,120,142,128,124,138,140,150,156,114,146,160,164,114,130,146,154,146,144,152,132,160,132,146,124,128,142,100,110,126,118,134,130,134,158,142,128,154,152,146,128,138,124,156,128,122,118,134,148,112,124,136,118,136,150,160,126,104,114,154,142,98,130,132,
10,10,20,18,22,26,52,52,38,42,44,88,62,80,66,86,86,84,88,102,104,82,114,112,98,120,118,116,122,114,138,168,120,144,126,106,154,172,166,112,128,128,150,134,138,160,142,142,144,118,152,148,110,130,126,166,132,120,136,146,160,128,140,128,156,152,122,136,134,106,132,110,134,134,128,136,130,170,122,132,112,108,134,146,152,102,132,140,114,124,
6,20,30,28,26,42,42,42,48,64,50,46,72,86,74,66,82,80,74,98,130,88,142,84,102,86,110,106,116,114,110,144,100,130,122,132,124,122,124,106,136,124,126,112,108,102,152,154,92,116,128,118,122,142,140,126,112,104,106,126,120,130,138,142,118,114,122,130,146,136,116,108,116,122,120,124,136,136,126,110,118,128,122,120,118,124,104,150,134,92,
4,8,20,16,28,34,34,30,50,50,62,62,64,60,92,80,82,92,92,82,92,74,88,104,138,104,90,108,110,104,98,86,102,126,110,118,122,128,132,96,118,112,98,124,128,136,128,100,128,110,120,144,128,130,132,110,120,132,144,114,126,122,126,116,102,120,134,136,150,138,128,142,118,128,104,132,136,102,126,164,160,102,138,164,128,132,142,120,166,126,
2,16,6,12,22,32,42,42,38,40,48,66,46,64,104,82,66,64,72,104,96,104,116,60,100,88,92,116,98,126,104,122,110,108,122,130,140,120,86,114,102,134,122,108,122,120,118,128,112,102,126,118,168,94,116,118,122,134,110,108,112,98,130,136,126,84,86,118,120,112,104,138,96,114,116,100,114,112,136,112,126,98,96,154,134,118,124,138,124,104,
10,12,24,22,18,30,22,38,44,42,48,70,64,48,64,92,64,88,110,78,72,68,104,76,84,76,96,86,82,82,120,84,104,116,104,104,108,100,114,122,118,110,126,102,134,98,82,114,124,120,138,120,118,126,132,116,114,92,96,158,108,124,122,94,112,122,102,100,102,104,106,92,124,124,132,134,84,112,104,98,138,128,138,106,126,140,114,100,92,106,
2,4,12,30,10,18,44,34,38,40,46,52,60,56,58,64,68,60,76,68,92,58,108,78,62,100,84,70,86,86,98,112,122,88,88,96,104,106,100,120,118,96,70,92,126,120,110,120,94,100,92,96,96,128,86,122,126,114,116,100,124,122,122,124,106,90,106,142,98,132,112,92,128,98,114,102,120,120,106,108,104,108,76,106,116,102,126,92,116,124,
4,6,12,26,20,32,32,26,46,34,54,62,66,58,62,64,82,74,74,74,80,94,78,96,80,102,80,90,102,88,98,104,96,88,110,84,110,82,118,98,88,124,104,84,82,104,76,124,120,122,116,94,108,112,110,118,98,106,110,120,90,116,126,102,112,96,78,108,88,102,110,100,120,70,106,126,114,92,124,102,102,92,104,106,118,112,84,82,98,104,
0,8,8,12,12,28,20,36,44,52,40,40,50,52,54,48,70,70,86,74,80,68,76,80,98,96,64,80,100,82,102,88,86,92,94,78,94,122,80,108,76,114,108,88,106,120,94,114,112,96,76,112,98,84,84,102,132,94,108,96,106,128,92,92,106,96,110,78,116,102,90,88,102,100,102,108,124,108,102,76,98,88,100,104,108,88,106,84,94,74,
2,16,12,20,16,24,38,28,36,32,32,38,58,58,66,52,62,50,62,60,78,66,76,72,64,94,86,88,86,78,78,92,88,114,80,102,98,86,84,100,98,70,96,86,104,90,112,88,106,94,80,90,104,96,82,82,122,104,96,86,86,106,74,84,98,100,92,94,100,102,84,96,84,74,94,100,90,92,90,88,66,84,86,104,82,86,76,96,114,120,
6,8,20,12,10,22,24,28,38,22,38,36,48,62,70,56,76,70,56,74,70,50,70,102,56,78,56,82,76,76,86,74,80,82,90,76,92,96,102,82,86,78,108,86,90,90,100,84,74,74,108,100,78,90,88,90,70,84,72,84,94,112,112,74,70,84,90,80,86,84,106,74,68,90,92,82,86,112,102,104,70,88,104,88,70,106,80,84,98,68,
2,6,8,22,18,22,14,10,28,18,38,24,46,62,32,34,46,88,58,38,78,56,58,56,60,100,66,74,64,78,106,68,62,76,84,68,76,74,92,70,90,82,88,84,74,84,84,74,120,68,68,104,94,92,84,82,88,84,70,92,104,70,84,94,62,108,86,88,66,68,76,84,92,80,90,78,74,68,74,94,74,82,76,68,74,96,72,90,62,76,
8,14,8,16,16,26,32,20,34,24,44,32,50,44,60,56,70,54,54,58,56,72,72,78,58,56,74,90,84,64,72,64,78,64,66,60,104,70,56,90,70,76,90,70,88,80,82,80,62,116,86,80,66,84,60,80,70,82,112,82,64,108,88,76,78,64,76,66,72,52,68,74,52,76,68,84,74,82,84,92,66,64,92,72,74,86,66,92,84,78,
6,4,12,8,14,24,22,38,26,24,32,40,40,36,50,36,56,54,50,64,52,52,52,60,58,80,66,50,50,60,88,58,88,78,86,58,58,66,92,52,66,78,82,66,70,74,70,62,78,92,70,72,76,64,72,86,78,106,48,68,70,64,60,84,72,80,62,66,86,72,64,72,92,52,72,68,46,72,82,78,84,78,86,72,78,74,68,72,92,74,
0,8,16,10,8,4,20,28,26,18,16,22,50,62,42,46,44,58,44,70,64,42,56,48,58,46,62,72,58,54,60,72,62,78,84,72,70,62,42,64,88,62,56,68,104,76,80,80,78,54,100,56,56,54,72,78,60,88,66,48,96,66,50,66,100,74,72,56,58,82,78,62,68,58,62,56,74,84,50,72,80,56,44,56,64,46,50,58,62,46,
0,2,14,18,16,16,28,20,22,36,22,32,32,56,26,30,54,48,38,56,72,42,46,62,70,72,46,52,52,62,72,58,70,72,60,52,62,64,74,50,74,66,80,68,60,62,66,86,68,56,72,50,74,50,74,44,96,66,90,56,68,64,58,68,64,58,76,74,70,48,72,66,52,64,54,66,58,52,68,58,60,34,52,68,46,58,74,54,84,66,
4,8,10,16,18,24,16,18,30,18,38,28,44,30,34,32,26,28,54,76,58,52,58,42,52,64,54,76,56,56,62,60,58,34,74,36,64,64,60,60,58,68,70,70,78,52,70,104,48,52,54,58,56,54,74,48,70,56,62,46,50,62,78,58,70,78,66,72,56,50,40,62,68,72,58,62,68,40,74,46,78,54,36,46,64,30,62,68,60,78,
2,6,12,6,4,12,18,18,24,28,24,30,30,40,38,40,28,48,36,36,46,56,44,36,50,62,52,36,58,48,50,62,36,70,56,54,46,34,50,58,58,36,54,70,76,42,62,50,48,58,52,46,52,62,58,64,70,46,48,56,68,60,52,62,46,64,50,54,42,50,52,40,58,50,50,56,50,50,52,46,54,40,72,60,52,46,60,40,54,36,
0,2,2,12,10,12,16,18,22,24,20,34,32,38,34,56,32,34,42,30,44,50,44,50,56,52,48,54,52,54,56,60,36,64,46,54,42,52,50,56,44,54,48,40,56,52,44,40,48,62,72,66,56,58,42,74,38,46,30,68,68,44,38,60,48,48,58,60,36,56,38,54,46,38,40,46,50,32,42,42,56,60,46,58,52,66,26,46,52,44,
0,8,4,0,14,6,14,14,20,26,28,16,22,20,24,32,20,30,32,48,38,14,52,46,24,34,32,36,58,40,30,40,48,50,38,40,38,62,54,34,40,40,32,58,54,50,60,44,34,48,78,32,42,54,40,44,36,42,52,48,44,46,44,58,50,48,58,34,46,36,44,32,52,42,38,36,68,36,42,42,44,40,52,30,40,22,40,40,40,40,
0,0,4,10,10,6,8,8,30,26,26,18,26,26,30,26,28,44,40,26,42,36,32,52,44,28,32,30,44,48,52,44,44,32,30,64,48,60,36,40,44,24,46,44,46,36,34,38,40,44,32,40,42,40,50,44,42,48,44,52,48,60,50,30,42,38,28,46,44,40,46,46,48,52,56,50,36,40,38,52,42,46,44,30,30,38,24,42,34,28,
2,6,2,8,8,22,10,20,14,10,18,28,16,18,40,36,30,38,38,42,28,30,20,24,40,34,42,30,48,62,38,48,28,50,38,34,30,36,40,32,38,52,48,54,40,22,52,48,44,36,62,38,44,40,42,36,44,40,36,42,24,42,28,46,36,40,34,30,26,36,32,36,30,30,34,36,46,36,34,48,50,40,30,36,36,34,36,26,60,52,
2,4,8,4,16,10,24,8,22,20,12,22,32,22,24,24,28,32,30,38,26,32,30,24,38,32,48,48,44,34,32,38,30,30,54,38,32,32,42,30,34,24,44,42,30,42,22,40,28,36,30,20,22,30,36,34,40,38,32,22,48,32,42,32,40,26,46,52,30,38,18,24,36,30,44,32,36,28,44,40,34,58,38,24,32,28,34,24,40,26,
2,2,2,10,14,2,8,14,8,16,16,20,20,30,28,20,18,16,16,20,30,38,40,26,28,38,22,40,28,14,38,30,42,18,34,38,32,30,42,28,32,32,60,22,32,42,36,32,36,32,34,24,30,28,42,26,36,24,38,32,38,34,36,28,22,38,26,20,42,28,24,24,28,24,44,22,40,38,30,24,50,20,40,26,32,40,32,24,18,30,
2,2,6,4,10,4,0,12,12,22,12,6,10,14,24,18,16,22,20,32,18,28,22,26,38,34,22,20,28,24,18,40,36,26,40,34,24,20,42,34,20,24,34,24,20,38,40,30,22,32,38,26,36,28,34,20,32,30,36,40,30,22,44,26,22,12,38,34,22,24,28,24,20,32,34,14,34,20,26,38,16,30,24,22,26,30,34,32,28,38,
2,6,4,16,8,12,8,14,6,18,12,12,18,14,30,22,26,24,20,18,28,14,18,22,22,18,24,20,32,20,24,30,28,18,32,26,26,24,26,16,32,34,4,28,28,24,24,18,18,26,36,36,36,32,42,32,30,40,24,28,26,20,24,24,16,46,36,30,24,18,16,28,26,16,22,26,32,16,22,18,16,22,24,18,18,18,16,26,22,30,
4,0,10,6,6,4,8,4,16,18,8,10,14,18,14,12,10,30,16,28,36,34,34,22,26,8,18,22,20,14,26,16,26,14,34,16,14,22,30,28,18,30,22,22,18,30,22,16,20,24,18,24,22,22,20,34,28,20,18,22,18,8,20,22,18,38,26,20,22,22,10,28,18,22,32,22,18,16,22,20,18,22,28,28,16,18,28,16,38,10,
0,6,2,2,4,2,12,10,4,4,4,28,12,14,22,14,22,12,12,8,14,20,18,28,18,26,24,8,24,14,32,22,26,30,28,14,16,12,16,20,16,12,26,14,26,16,22,14,10,8,26,30,6,16,22,16,32,22,32,12,24,20,10,16,20,12,14,20,10,16,14,14,12,24,18,28,16,26,16,16,24,22,28,18,10,26,14,12,30,20,
0,4,0,2,10,10,6,6,10,8,14,10,6,2,14,22,12,14,8,18,10,14,22,16,22,20,14,26,14,22,26,30,22,10,8,14,8,10,22,22,8,18,14,8,18,10,8,24,16,18,16,16,26,22,16,16,22,24,10,22,20,12,20,24,12,12,16,10,28,16,14,16,10,12,20,22,12,16,12,16,12,10,16,18,14,12,8,10,18,12,
0,2,0,4,6,4,6,4,6,10,2,12,18,2,22,24,10,8,18,8,16,10,10,16,14,10,24,24,10,28,10,16,12,32,16,24,2,14,16,20,12,4,10,12,10,8,6,8,20,10,10,8,10,12,14,12,8,16,22,22,16,14,14,6,16,8,12,10,10,8,10,6,20,14,24,18,10,16,8,14,12,16,8,10,12,14,14,8,20,2,
4,0,2,4,10,2,6,2,2,2,6,6,14,4,8,16,6,12,10,6,6,20,10,4,6,10,12,10,14,14,14,4,22,6,10,10,8,10,10,12,12,18,20,22,16,16,18,8,10,12,10,12,18,26,12,16,8,6,14,12,14,10,16,18,16,4,10,12,18,18,10,14,4,10,14,8,10,8,8,10,16,14,14,10,14,4,16,18,20,14,
0,0,4,4,6,4,6,4,2,12,4,8,4,4,8,8,4,4,4,8,10,4,8,6,10,10,14,10,14,4,8,12,12,14,16,2,8,4,10,10,14,12,16,6,10,6,6,6,18,14,14,12,10,14,10,10,12,8,16,8,6,14,14,14,6,8,14,14,6,12,6,6,10,12,8,2,2,2,16,8,18,8,14,6,8,12,10,10,10,6,
0,2,0,4,2,0,0,2,0,4,2,8,8,6,4,6,6,10,6,4,2,8,12,4,8,8,24,6,10,12,14,10,4,12,8,8,10,16,10,8,10,12,14,10,4,14,4,4,8,12,12,10,10,6,2,2,2,12,6,4,14,10,10,12,12,8,10,10,6,10,12,14,14,14,10,22,14,12,14,10,10,6,8,6,10,6,8,12,10,8,
0,0,2,2,2,0,0,0,2,0,4,8,10,6,4,2,8,2,14,6,14,14,8,10,14,6,6,8,8,2,16,6,6,14,4,10,14,2,6,4,10,2,6,6,6,6,16,14,6,2,4,6,10,10,6,6,8,6,6,8,2,12,4,8,4,8,4,8,6,6,2,4,6,12,4,12,4,8,4,6,8,10,4,10,8,6,12,12,6,8,
0,0,0,4,4,0,8,2,4,0,6,2,0,2,6,4,8,2,8,6,2,2,2,2,4,6,6,4,12,2,6,4,2,6,10,14,2,8,6,8,2,10,0,16,8,10,6,6,4,8,6,12,10,8,8,2,6,4,10,2,12,6,12,12,2,6,8,8,4,8,6,2,2,8,8,2,4,8,0,8,4,6,6,4,8,2,10,4,12,4,
0,0,0,0,2,0,0,0,6,6,2,4,4,6,4,0,2,4,2,6,8,4,2,14,12,6,6,2,4,12,4,8,2,2,8,12,8,2,2,14,10,6,10,4,10,6,4,12,8,8,2,2,6,6,6,8,8,12,4,14,6,20,4,4,6,4,8,6,8,4,8,2,4,4,2,8,10,0,0,8,6,4,10,8,6,2,8,4,4,4,
0,2,0,0,0,4,0,0,2,2,2,6,4,0,4,6,6,6,6,6,2,0,8,0,4,6,6,6,4,4,0,8,8,4,4,2,4,0,4,2,4,4,4,4,10,8,2,4,2,6,4,6,2,4,2,10,4,4,8,2,4,6,4,8,4,4,8,2,4,4,2,8,4,2,2,6,6,2,4,4,4,6,4,4,2,4,2,2,8,2,
0,0,2,2,2,0,0,2,4,2,2,2,2,2,0,2,0,4,4,2,6,2,2,0,4,2,6,2,10,2,2,2,6,2,2,4,2,4,0,6,6,4,6,4,4,2,0,2,4,2,0,4,2,6,2,6,4,10,6,6,6,2,4,6,6,2,8,4,6,10,2,4,2,0,8,6,0,2,8,4,0,2,2,2,2,4,0,2,20,4,
0,2,0,2,0,0,0,2,0,0,2,6,2,0,8,0,0,2,6,2,0,4,0,4,4,0,2,4,4,6,0,2,8,2,6,8,2,6,0,6,4,2,4,2,4,6,4,6,6,2,0,6,4,6,4,0,2,2,4,4,4,6,6,4,8,6,4,2,0,4,2,2,2,2,2,4,0,2,6,2,2,0,6,4,8,0,4,4,2,2,
0,0,2,0,0,0,0,0,2,4,2,0,6,2,0,4,0,8,0,6,6,2,8,2,2,0,8,4,6,8,2,8,0,2,4,8,0,2,8,4,2,0,2,0,2,6,2,0,0,2,4,6,0,0,8,0,6,2,2,0,4,8,0,4,4,2,6,6,6,2,4,2,4,2,2,2,0,6,6,2,2,0,4,4,0,0,0,0,2,2,
0,0,0,0,2,0,2,0,0,0,2,0,2,0,4,0,4,2,6,0,0,0,2,0,6,2,2,0,2,6,4,4,0,2,0,0,2,0,2,8,4,4,2,0,2,2,4,2,4,0,6,2,0,4,2,2,6,0,6,0,0,4,2,2,2,6,2,0,6,2,4,2,2,0,0,2,2,0,2,0,0,0,6,2,0,2,0,0,2,0,
0,0,0,0,0,0,0,0,0,0,2,0,0,2,0,0,4,6,0,4,2,0,0,4,2,4,2,6,0,6,4,4,6,0,0,2,0,6,4,2,0,4,0,6,0,2,2,0,0,0,2,2,0,0,0,4,2,4,2,2,4,2,2,6,2,4,0,2,0,2,2,2,4,2,0,2,0,2,4,4,0,0,0,0,0,4,2,6,2,4,
0,2,0,0,0,0,2,2,0,2,0,0,2,4,0,4,2,0,0,4,2,2,2,2,0,4,0,2,0,0,2,2,0,2,4,0,0,0,4,4,4,4,2,2,0,0,0,2,0,6,0,0,4,0,0,0,2,0,0,2,2,0,2,2,2,2,2,2,0,4,4,2,2,0,0,2,2,0,0,4,2,0,2,4,0,2,2,2,4,0,
0,0,0,0,0,0,0,0,0,0,0,2,0,0,0,0,0,2,0,2,0,0,2,0,2,0,0,0,0,2,2,2,2,2,2,2,0,2,0,6,0,0,0,0,0,2,2,0,0,0,4,2,0,0,4,4,0,0,2,0,0,2,0,0,0,0,0,2,2,0,6,0,2,0,4,2,4,2,2,4,0,0,4,0,0,8,0,0,0,0,
0,0,0,0,0,0,0,0,0,2,0,0,0,0,0,0,0,0,0,2,4,2,2,2,0,2,2,0,2,0,0,0,2,0,2,0,2,2,0,2,0,0,2,0,0,0,2,2,4,4,0,0,0,0,0,0,0,0,2,0,0,0,2,0,2,2,2,0,4,0,0,2,0,0,0,2,0,0,0,0,2,0,0,0,0,2,0,4,6,2,
0,2,0,0,0,0,2,0,0,2,0,0,4,2,0,0,2,0,2,2,2,0,0,2,2,4,0,0,2,2,0,0,0,2,0,0,0,0,0,0,4,0,2,2,0,0,2,0,0,0,0,2,0,2,0,0,0,2,0,0,0,2,0,0,4,0,0,0,0,2,0,0,0,4,0,0,0,0,2,4,0,2,0,0,0,0,0,2,2,2,
0,0,0,0,0,0,0,0,0,0,2,0,0,2,0,0,0,0,0,0,0,0,2,0,0,0,2,0,0,0,0,4,0,0,4,2,2,0,2,0,2,0,0,2,0,0,2,4,0,0,0,4,2,0,0,2,0,0,0,0,0,0,0,2,0,2,0,2,0,0,2,0,0,0,2,2,0,0,2,0,2,2,2,0,0,2,2,0,2,0,
0,0,0,0,2,0,0,0,0,2,2,0,0,0,0,2,2,0,0,0,0,0,2,0,0,0,0,0,0,0,2,0,0,0,0,0,0,0,2,0,0,0,2,0,0,0,2,0,0,2,0,0,0,0,0,2,0,0,0,0,0,2,0,2,0,0,0,0,0,2,0,0,0,2,2,0,0,0,0,0,0,0,0,0,0,0,0,2,0,2,
0,0,0,0,0,0,0,2,0,0,0,0,0,2,2,0,0,0,0,4,0,0,0,0,0,0,0,0,0,2,0,0,0,0,0,0,2,0,0,2,0,2,0,2,0,0,2,0,0,2,0,2,0,2,2,0,0,0,0,2,0,0,0,2,2,0,0,0,0,0,0,0,0,2,0,0,0,0,2,0,2,0,0,0,0,2,0,0,0,0,
0,0,0,0,0,0,0,0,0,0,0,0,0,0,0,0,0,0,0,2,0,0,2,2,2,0,0,0,0,0,2,2,0,0,0,0,0,0,0,0,0,0,0,0,0,0,0,0,0,2,0,0,0,0,0,0,0,0,0,0,0,0,0,0,0,0,0,4,0,0,0,0,0,0,0,0,0,0,0,0,0,0,0,0,0,0,0,0,0,0,
0,0,0,0,0,0,2,0,0,0,0,2,0,0,0,0,0,0,0,0,0,0,0,0,0,0,0,0,0,0,0,0,0,0,0,0,2,0,0,0,0,0,0,2,2,2,0,0,0,0,0,0,0,0,0,0,0,0,0,0,0,0,0,0,0,0,0,0,0,0,0,0,0,0,0,0,2,0,0,0,0,0,0,0,0,0,0,2,0,0,
0,0,0,0,0,0,0,0,0,0,0,0,0,0,0,0,2,0,0,0,0,0,0,0,0,0,0,0,0,2,0,0,0,0,0,4,0,0,0,0,0,2,0,0,0,0,0,0,0,0,2,0,0,2,2,0,0,0,0,0,0,2,0,0,0,0,0,0,0,0,4,0,0,0,0,0,0,0,0,0,0,0,0,4,0,0,0,0,0,0,
0,0,0,0,0,0,0,0,0,0,0,0,0,0,0,0,2,0,0,0,0,0,0,0,0,0,0,0,0,0,0,0,0,0,0,0,0,0,0,0,0,0,0,2,0,0,0,2,0,0,0,0,0,0,2,0,0,0,0,0,0,0,0,0,0,0,0,0,0,0,0,0,0,0,0,0,0,0,0,0,0,0,0,0,0,0,0,0,0,2,
0,0,0,0,0,0,0,0,0,0,0,0,0,0,0,2,0,0,0,0,0,0,0,0,0,0,0,0,0,0,2,0,0,0,0,0,0,0,0,0,0,0,0,0,0,2,0,0,0,0,0,0,0,0,0,0,0,0,0,0,0,0,0,0,0,0,0,0,0,0,0,0,0,0,0,0,0,0,0,0,0,0,0,0,0,2,0,0,0,0,
0,0,0,0,0,0,0,0,0,0,0,0,0,0,0,0,0,0,0,0,0,0,0,0,0,0,0,0,0,0,0,0,0,0,0,0,0,0,0,0,0,0,0,0,0,0,0,0,0,0,0,0,0,0,0,0,0,0,0,0,0,0,0,0,0,0,0,0,0,0,0,0,0,0,0,0,0,0,0,0,0,0,0,0,0,0,0,0,0,0,
0,0,0,0,0,2,0,0,0,0,0,0,2,0,0,0,0,0,0,2,0,2,0,0,2,0,0,0,2,0,0,0,0,0,0,0,0,0,0,0,0,0,0,0,2,0,0,0,0,0,0,0,0,0,0,0,0,0,0,0,0,0,0,0,0,2,0,0,0,0,0,0,0,0,0,0,0,0,2,0,0,0,0,0,0,0,0,0,0,0,
0,0,0,0,0,0,0,0,0,0,0,0,0,0,0,0,0,0,0,0,0,0,0,0,0,0,0,0,0,0,0,0,0,0,0,0,0,0,0,0,0,0,0,0,0,0,0,0,0,0,0,0,0,0,0,0,0,0,0,0,0,0,0,0,0,0,0,0,0,0,0,0,0,0,0,0,0,0,0,0,0,0,0,0,0,0,2,0,0,0,
0,0,0,0,0,0,0,0,0,0,0,0,0,0,0,0,0,0,0,0,0,0,0,0,0,0,0,0,0,0,0,0,0,0,0,0,0,0,0,0,0,0,0,0,0,0,0,0,0,0,0,0,0,0,0,0,0,0,0,0,0,0,0,0,0,0,0,0,0,0,0,0,0,0,0,0,0,0,0,0,0,0,0,0,0,0,0,0,0,0,
0,0,0,0,0,0,0,0,0,0,0,0,0,0,0,0,0,0,0,0,0,0,0,0,0,0,0,0,0,0,0,0,0,0,0,0,0,0,0,0,0,0,0,0,0,0,0,0,0,0,0,0,0,0,0,0,0,0,0,0,0,0,0,0,0,0,0,0,0,0,0,0,0,0,0,0,0,0,0,0,0,0,0,0,0,0,0,0,0,0,
0,0,0,0,0,0,0,0,0,0,0,0,0,0,0,0,0,0,0,0,0,0,0,0,0,0,0,0,0,0,0,0,0,0,0,0,0,0,0,0,0,0,0,0,0,0,0,0,0,0,0,0,0,0,0,0,0,0,0,0,0,0,0,0,0,0,0,0,0,0,0,0,0,0,0,0,0,0,0,0,0,0,0,0,0,0,0,0,0,0,
0,0,0,0,0,0,0,0,0,0,0,0,0,0,0,0,0,0,0,0,0,0,0,0,0,0,0,0,0,0,0,0,0,0,0,0,0,0,0,0,0,0,0,0,0,0,0,0,0,0,0,0,0,0,0,0,0,0,0,0,0,0,0,0,0,0,0,0,0,0,0,0,0,0,0,0,0,0,0,0,0,0,0,0,0,0,0,0,0,0,
0,0,0,0,0,0,0,0,0,0,0,0,0,0,0,0,0,0,0,0,0,0,0,0,0,0,0,0,0,0,0,0,0,0,0,0,0,0,0,0,0,0,0,0,0,0,0,0,0,0,0,0,0,0,0,0,0,0,0,0,0,0,0,0,0,0,0,0,0,0,0,0,0,0,0,0,0,0,0,0,0,0,0,0,0,0,0,0,0,0,
0,0,0,0,0,0,0,0,0,0,0,0,0,0,0,0,0,0,0,0,0,0,0,0,0,0,0,0,0,0,0,0,0,0,0,0,0,0,0,0,0,0,0,0,0,0,0,0,0,0,0,0,0,0,0,0,0,0,0,0,0,0,0,0,0,0,0,0,0,0,0,0,0,0,0,0,0,0,0,0,0,0,0,0,0,0,0,0,0,0,
0,0,0,0,0,0,0,0,0,0,0,0,0,0,0,0,0,0,0,0,0,0,0,0,0,0,0,0,0,0,0,0,0,0,0,0,0,0,0,0,0,0,0,0,0,0,0,0,0,0,0,0,0,0,0,0,0,0,0,0,0,0,0,0,0,0,0,0,0,0,0,0,0,0,0,0,0,0,0,0,0,0,0,0,0,0,0,0,0,0,
0,0,0,0,0,0,0,0,0,0,0,0,0,0,0,0,0,0,0,0,0,0,0,0,0,0,0,0,0,0,0,0,0,0,0,0,0,0,0,0,0,0,0,0,0,0,0,0,0,0,0,0,0,0,0,0,0,0,0,0,0,0,0,0,0,0,0,0,0,0,0,0,0,0,0,0,0,0,0,0,0,0,0,0,0,0,0,0,0,0,
0,0,0,0,0,0,0,0,0,0,0,0,0,0,0,0,0,0,0,0,0,0,0,0,0,0,0,0,0,0,0,0,0,0,0,0,0,0,0,0,0,0,0,0,0,0,0,0,0,0,0,0,0,0,0,0,0,0,0,0,0,0,0,0,0,0,0,0,0,0,0,0,0,0,0,0,0,0,0,0,0,0,0,0,0,0,0,0,0,0,
0,0,0,0,0,0,0,0,0,0,0,0,0,0,0,0,0,0,0,0,0,0,0,0,0,0,0,0,0,0,0,0,0,0,0,0,0,0,0,0,0,0,0,0,0,0,0,0,0,0,0,0,0,0,0,0,0,0,0,0,0,0,0,0,0,0,0,0,0,0,0,0,0,0,0,0,0,0,0,0,0,0,0,0,0,0,0,0,0,0,
0,0,0,0,0,0,0,0,0,0,0,0,0,0,0,0,0,0,0,0,0,0,0,0,0,0,0,0,0,0,0,0,0,0,0,0,0,0,0,0,0,0,0,0,0,0,0,0,0,0,0,0,0,0,0,0,0,0,0,0,0,0,0,0,0,0,0,0,0,0,0,0,0,0,0,0,0,0,0,0,0,0,0,0,0,0,0,0,0,0,
0,0,0,0,0,0,0,0,0,0,0,0,0,0,0,0,0,0,0,0,0,0,0,0,0,0,0,0,0,0,0,0,0,0,0,0,0,0,0,0,0,0,0,0,0,0,0,0,0,0,0,0,0,0,0,0,0,0,0,0,0,0,0,0,0,0,0,0,0,0,0,0,0,0,0,0,0,0,0,0,0,0,0,0,0,0,0,0,0,0,
0,0,0,0,0,0,0,0,0,0,0,0,0,0,0,0,0,0,0,0,0,0,0,0,0,0,0,0,0,0,0,0,0,0,0,0,0,0,0,0,0,0,0,0,0,0,0,0,0,0,0,0,0,0,0,0,0,0,0,0,0,0,0,0,0,0,0,0,0,0,0,0,0,0,0,0,0,0,0,0,0,0,0,0,0,0,0,0,0,0,
0,0,0,0,0,0,0,0,0,0,0,0,0,0,0,0,0,0,0,0,0,0,0,0,0,0,0,0,0,0,0,0,0,0,0,0,0,0,0,0,0,0,0,0,0,0,0,0,0,0,0,0,0,0,0,0,0,0,0,0,0,0,0,0,0,0,0,0,0,0,0,0,0,0,0,0,0,0,0,0,0,0,0,0,0,0,0,0,0,0,
0,0,0,0,0,0,0,0,0,0,0,0,0,0,0,0,0,0,0,0,0,0,0,0,0,0,0,0,0,0,0,0,0,0,0,0,0,0,0,0,0,0,0,0,0,0,0,0,0,0,0,0,0,0,0,0,0,0,0,0,0,0,0,0,0,0,0,0,0,0,0,0,0,0,0,0,0,0,0,0,0,0,0,0,0,0,0,0,0,0,
0,0,0,0,0,0,0,0,0,0,0,0,0,0,0,0,0,0,0,0,0,0,0,0,0,0,0,0,0,0,0,0,0,0,0,0,0,0,0,0,0,0,0,0,0,0,0,0,0,0,0,0,0,0,0,0,0,0,0,0,0,0,0,0,0,0,0,0,0,0,0,0,0,0,0,0,0,0,0,0,0,0,0,0,0,0,0,0,0,0,
0,0,0,0,0,0,0,0,0,0,0,0,0,0,0,0,0,0,0,0,0,0,0,0,0,0,0,0,0,0,0,0,0,0,0,0,0,0,0,0,0,0,0,0,0,0,0,0,0,0,0,0,0,0,0,0,0,0,0,0,0,0,0,0,0,0,0,0,0,0,0,0,0,0,0,0,0,0,0,0,0,0,0,0,0,0,0,0,0,0,
0,0,0,0,0,0,0,0,0,0,0,0,0,0,0,0,0,0,0,0,0,0,0,0,0,0,0,0,0,0,0,0,0,0,0,0,0,0,0,0,0,0,0,0,0,0,0,0,0,0,0,0,0,0,0,0,0,0,0,0,0,0,0,0,0,0,0,0,0,0,0,0,0,0,0,0,0,0,0,0,0,0,0,0,0,0,0,0,0,0,
0,0,0,0,0,0,0,0,0,0,0,0,0,0,0,0,0,0,0,0,0,0,0,0,0,0,0,0,0,0,0,0,0,0,0,0,0,0,0,0,0,0,0,0,0,0,0,0,0,0,0,0,0,0,0,0,0,0,0,0,0,0,0,0,0,0,0,0,0,0,0,0,0,0,0,0,0,0,0,0,0,0,0,0,0,0,0,0,0,0,
0,0,0,0,0,0,0,0,0,0,0,0,0,0,0,0,0,0,0,0,0,0,0,0,0,0,0,0,0,0,0,0,0,0,0,0,0,0,0,0,0,0,0,0,0,0,0,0,0,0,0,0,0,0,0,0,0,0,0,0,0,0,0,0,0,0,0,0,0,0,0,0,0,0,0,0,0,0,0,0,0,0,0,0,0,0,0,0,0,0,
0,0,0,0,0,0,0,0,0,0,0,0,0,0,0,0,0,0,0,0,0,0,0,0,0,0,0,0,0,0,0,0,0,0,0,0,0,0,0,0,0,0,0,0,0,0,0,0,0,0,0,0,0,0,0,0,0,0,0,0,0,0,0,0,0,0,0,0,0,0,0,0,0,0,0,0,0,0,0,0,0,0,0,0,0,0,0,0,0,0,
0,0,0,0,0,0,0,0,0,0,0,0,0,0,0,0,0,0,0,0,0,0,0,0,0,0,0,0,0,0,0,0,0,0,0,0,0,0,0,0,0,0,0,0,0,0,0,0,0,0,0,0,0,0,0,0,0,0,0,0,0,0,0,0,0,0,0,0,0,0,0,0,0,0,0,0,0,0,0,0,0,0,0,0,0,0,0,0,0,0,
0,0,0,0,0,0,0,0,0,0,0,0,0,0,0,0,0,0,0,0,0,0,0,0,0,0,0,0,0,0,0,0,0,0,0,0,0,0,0,0,0,0,0,0,0,0,0,0,0,0,0,0,0,0,0,0,0,0,0,0,0,0,0,0,0,0,0,0,0,0,0,0,0,0,0,0,0,0,0,0,0,0,0,0,0,0,0,0,0,0,
